City_ID,City,Lat,Lng,Max Temp,Humidity,Cloudiness,Wind Speed,Country,Date
0,ribeira grande,38.5167,-28.7,17.65,91,26,3.58,PT,1715302982
1,vernon,50.2581,-119.2691,26.74,25,12,1.79,CA,1715302801
2,itoman,26.1247,127.6694,24.49,57,75,3.6,JP,1715302983
3,puerto natales,-51.7236,-72.4875,-0.82,95,78,1.31,CL,1715302983
4,port saint john's,-31.6229,29.5448,20.52,67,3,1.96,ZA,1715302983
5,grytviken,-54.2811,-36.5092,-0.39,91,100,1.73,GS,1715302983
6,magadi,12.9667,77.2333,24.51,64,100,1.33,IN,1715302984
7,ushuaia,-54.8,-68.3,-0.19,74,0,5.14,AR,1715302984
8,ancud,-41.8697,-73.8203,8.7,81,59,3.68,CL,1715302984
9,adamstown,-25.066,-130.1015,22.29,76,99,4.79,PN,1715302984
10,olonkinbyen,70.9221,-8.7187,-1.63,79,12,7.68,SJ,1715302984
11,port-aux-francais,-49.35,70.2167,6.37,91,100,17.12,TF,1715302985
12,bereznik,62.8551,42.7072,-3.41,94,100,4.46,RU,1715302985
13,kirensk,57.7853,108.1119,4.98,57,35,4.02,RU,1715302985
14,bilibino,68.0546,166.4372,-0.4,87,100,1.08,RU,1715302985
15,edinburgh of the seven seas,-37.0676,-12.3116,12.43,60,100,3.59,SH,1715302985
16,lihue,21.9789,-159.3672,26.58,69,20,3.6,US,1715302986
17,wynyard,-41.0,145.7167,16.28,66,100,6.39,AU,1715302986
18,gamba,-2.65,10.0,25.09,91,100,2.1,GA,1715302986
19,port mathurin,-19.6833,63.4167,25.38,72,100,11.43,MU,1715302986
20,montepuez,-13.1256,38.9997,17.33,96,1,2.21,MZ,1715302986
21,tlahualilo de zaragoza,26.1167,-103.45,36.59,6,56,7.97,MX,1715302987
22,bulgan,48.8125,103.5347,5.85,39,0,5.84,MN,1715302987
23,puerto aysen,-45.4,-72.7,3.7,100,100,0.4,CL,1715302987
24,utrik,11.2278,169.8474,27.25,80,87,8.46,MH,1715302987
25,mezhdurechenskiy,59.6,65.9333,1.03,76,5,3.29,RU,1715302987
26,san antonio de pale,-1.4014,5.6325,26.76,89,100,5.93,GQ,1715302988
27,mbanza-ngungu,-5.25,14.8667,20.96,98,88,1.13,CD,1715302988
28,sangkhla buri,15.1555,98.4536,26.12,83,33,0.41,TH,1715302988
29,perote,19.5667,-97.2333,20.29,43,3,2.73,MX,1715302988
30,fort st. john,56.2499,-120.8529,21.94,24,40,7.72,CA,1715302988
31,georgetown,5.4112,100.3354,28.96,84,20,1.03,MY,1715302969
32,invercargill,-46.4,168.35,9.45,78,100,5.36,NZ,1715302989
33,waitangi,-43.9535,-176.5597,11.01,77,100,1.79,NZ,1715302989
34,belyy yar,53.6039,91.3903,7.94,61,0,0.0,RU,1715302989
35,bhadrakh,21.0528,86.52,27.12,75,6,2.03,IN,1715302989
36,yellowknife,62.456,-114.3525,16.29,43,20,6.17,CA,1715302990
37,adrar,20.5022,-10.0711,31.26,9,93,3.37,MR,1715302990
38,ust-nera,64.5667,143.2,4.3,77,100,1.65,RU,1715302990
39,tidjikja,18.5564,-11.4271,33.3,6,100,2.21,MR,1715302990
40,college,64.8569,-147.8028,12.99,45,75,5.14,US,1715302990
41,tosontsengel,48.7567,98.2839,5.81,33,13,3.71,MN,1715302991
42,mukalla,14.5425,49.1242,28.76,74,98,2.6,YE,1715302991
43,blackmans bay,-43.0167,147.3167,13.18,95,100,1.2,AU,1715302991
44,anadyr,64.75,177.4833,-4.72,73,75,2.0,RU,1715302991
45,metlili chaamba,32.2667,3.6333,19.52,28,0,1.54,DZ,1715302992
46,tshabong,-26.05,22.45,19.56,30,1,5.63,BW,1715302992
47,tiksi,71.6872,128.8694,-2.73,90,100,1.72,RU,1715302992
48,ilulissat,69.2167,-51.1,-4.99,80,37,1.03,GL,1715302992
49,zouerate,22.7187,-12.4521,28.28,21,100,5.02,MR,1715302992
50,weno,7.4515,151.8468,30.97,79,100,4.12,FM,1715302993
51,n'zeto,-7.2312,12.8666,25.32,91,95,1.29,AO,1715302993
52,iqaluit,63.7506,-68.5145,-2.15,86,75,3.09,CA,1715302988
53,puerto armuelles,8.2833,-82.8667,26.72,77,100,1.79,PA,1715302993
54,bredasdorp,-34.5322,20.0403,10.6,90,0,2.75,ZA,1715302993
55,hawaiian paradise park,19.5933,-154.9731,26.13,79,75,5.14,US,1715302994
56,port elizabeth,-33.918,25.5701,15.17,96,20,2.06,ZA,1715302816
57,bethel,41.3712,-73.414,16.31,70,98,1.81,US,1715302994
58,enewetak,11.3474,162.3373,27.57,76,100,8.59,MH,1715302994
59,sarmiento,-45.5882,-69.07,3.41,91,100,6.03,AR,1715302994
60,nar'yan-mar,67.6713,53.087,-1.61,95,100,11.62,RU,1715302995
61,nan,18.8333,100.6667,25.01,89,40,2.57,TH,1715302995
62,charlestown,-32.95,151.6667,18.74,61,100,2.95,AU,1715302995
63,wuxue,29.8506,115.5525,23.32,69,98,3.15,CN,1715302995
64,cole harbour,44.6724,-63.4751,6.71,93,100,7.2,CA,1715302995
65,kalifornsky,60.4183,-151.29,4.66,75,0,4.12,US,1715302996
66,albany,42.6001,-73.9662,14.82,59,100,2.19,US,1715302996
67,petropavlovsk-kamchatsky,53.0452,158.6483,10.33,66,40,6.26,RU,1715302996
68,vilyuchinsk,52.9306,158.4028,11.15,61,11,3.14,RU,1715302996
69,hermanus,-34.4187,19.2345,12.93,79,0,4.05,ZA,1715302997
70,pangody,65.85,74.4859,1.05,98,100,11.58,RU,1715302997
71,totness,5.8833,-56.3167,26.8,84,100,6.09,SR,1715302997
72,thinadhoo,0.5333,72.9333,28.88,78,100,4.22,MV,1715302997
73,konongo,6.6167,-1.2167,24.23,92,90,1.08,GH,1715302997
74,claveria,18.6074,121.0832,29.37,71,22,5.92,PH,1715302998
75,longyearbyen,78.2186,15.6401,-0.09,69,75,8.75,SJ,1715302998
76,mogocha,53.7333,119.7667,8.96,37,100,3.38,RU,1715302998
77,tan-tan,28.438,-11.1032,17.67,90,100,3.82,MA,1715302998
78,vadso,70.0744,29.7487,-0.91,74,100,5.14,NO,1715302998
79,jamestown,42.097,-79.2353,12.77,87,100,3.09,US,1715302999
80,west island,-12.1568,96.8225,26.99,78,40,8.23,CC,1715302999
81,zyrya,40.3661,50.2917,14.05,74,0,4.01,AZ,1715302999
82,malvan,16.0667,73.4667,27.32,78,97,2.59,IN,1715303000
83,buka,40.8108,69.1986,16.46,87,100,3.01,UZ,1715303000
84,atafu village,-8.5421,-172.5159,29.29,71,91,1.52,TK,1715303000
85,newman,37.3138,-121.0208,29.6,31,1,2.68,US,1715303000
86,tura,25.5198,90.2201,22.99,77,100,1.25,IN,1715303001
87,happy valley-goose bay,53.3168,-60.3315,3.17,81,75,1.03,CA,1715303001
88,chebba,35.2372,11.115,16.79,75,10,8.19,TN,1715303001
89,papatowai,-46.5619,169.4708,7.96,83,100,5.95,NZ,1715303001
90,arraial do cabo,-22.9661,-42.0278,22.98,88,0,0.51,BR,1715302904
91,dunedin,-45.8742,170.5036,9.33,80,85,2.68,NZ,1715303002
92,bomdila,27.25,92.4,7.33,79,100,1.26,IN,1715303002
93,taltal,-25.4,-70.4833,16.08,79,100,0.23,CL,1715302838
94,luanda,-8.8368,13.2343,28.0,93,40,2.06,AO,1715302776
95,san pedro pochutla,15.7333,-96.4667,27.84,63,100,2.21,MX,1715303002
96,mayahi,13.9553,7.6712,31.56,30,12,3.73,NE,1715303003
97,thabazimbi,-24.5917,27.4116,13.85,42,0,1.04,ZA,1715303003
98,bom jardim,-7.7958,-35.5872,21.95,81,74,1.88,BR,1715303003
99,geraldton,-28.7667,114.6,22.23,53,40,5.66,AU,1715302865
100,carnarvon,-24.8667,113.6333,24.07,60,100,3.71,AU,1715303004
101,baie-saint-paul,47.4411,-70.4986,8.99,75,42,0.91,CA,1715303004
102,puerto deseado,-47.7503,-65.8938,5.43,93,100,7.27,AR,1715303004
103,champoton,19.35,-90.7167,33.47,48,99,3.52,MX,1715302725
104,nuku'alofa,-21.1333,-175.2,27.19,54,20,3.6,TO,1715303004
105,usogorsk,63.4106,48.6872,-2.41,96,92,1.19,RU,1715303005
106,inarajan village,13.2736,144.7484,31.54,85,12,6.44,GU,1715303005
107,lone grove,34.1754,-97.2628,21.66,56,75,2.57,US,1715303005
108,al hamul,31.3115,31.1477,19.36,71,100,4.2,EG,1715303005
109,dudinka,69.4058,86.1778,-10.18,93,42,2.68,RU,1715303005
110,karema,-6.8205,30.4389,20.96,84,94,2.33,TZ,1715303006
111,susuman,62.7833,148.1667,2.77,68,100,1.79,RU,1715303006
112,glace bay,46.1969,-59.957,3.77,97,100,5.14,CA,1715303006
113,mahina,-17.5065,-149.489,29.87,66,20,3.6,PF,1715303006
114,avarua,-21.2078,-159.775,28.03,83,100,5.14,CK,1715303006
115,iskateley,67.6803,53.1512,-1.66,95,100,11.62,RU,1715303007
116,komsomol'skiy,43.9783,46.6985,13.36,56,100,3.87,RU,1715303007
117,thompson,55.7435,-97.8558,9.09,87,75,1.54,CA,1715303007
118,layyah,30.9613,70.939,31.59,24,41,3.87,PK,1715303007
119,mammoth lakes,37.6485,-118.9721,13.4,26,0,1.79,US,1715302808
120,chernyshevskiy,63.0128,112.4714,-2.54,65,15,2.93,RU,1715303008
121,sao paulo de olivenca,-3.3783,-68.8725,24.03,96,99,0.86,BR,1715303008
122,punta arenas,-53.15,-70.9167,0.06,93,20,3.09,CL,1715303008
123,brookings,44.3114,-96.7984,18.19,51,0,2.06,US,1715303008
124,constantia,44.1833,28.65,10.39,80,38,5.8,RO,1715303008
125,midvagur,62.0511,-7.1939,7.46,100,100,7.72,FO,1715303008
126,huntsville,34.7304,-86.5861,24.63,78,0,2.68,US,1715303009
127,crucecita,-28.95,-58.9833,13.47,68,100,2.55,AR,1715303009
128,polyarnyy,69.1989,33.4478,-1.71,86,100,4.7,RU,1715303009
129,hamilton,39.1834,-84.5333,17.35,93,75,4.12,US,1715302806
130,santa cruz,-17.8,-63.1667,17.7,94,20,1.03,BO,1715302741
131,whitehorse,60.7161,-135.0538,12.43,44,75,10.8,CA,1715303009
132,sinabang,2.4803,96.3801,27.74,84,100,1.64,ID,1715303010
133,lorengau,-2.0226,147.2712,28.0,78,100,2.69,PG,1715303010
134,uturoa,-16.7333,-151.4333,27.95,70,14,4.26,PF,1715303010
135,awjilah,29.1081,21.2869,17.42,73,62,5.23,LY,1715303010
136,rio grande,-32.035,-52.0986,12.06,66,100,1.53,BR,1715303010
137,luderitz,-26.6481,15.1594,13.39,85,0,7.34,NA,1715303011
138,isafjordur,66.0755,-23.124,2.46,78,100,0.5,IS,1715303011
139,port lincoln,-34.7333,135.8667,15.9,70,0,4.09,AU,1715303011
140,mbeni,-11.5014,43.3775,24.2,71,0,6.1,KM,1715303011
141,talnakh,69.4865,88.3972,-10.44,81,6,1.7,RU,1715303012
142,severobaykal'sk,55.65,109.3167,2.5,76,100,1.48,RU,1715303012
143,labuan,5.2767,115.2417,29.2,79,20,1.03,MY,1715303012
144,acapulco de juarez,16.8634,-99.8901,23.94,71,100,3.26,MX,1715302824
145,northam,51.0333,-4.2167,12.44,91,100,2.87,GB,1715303012
146,guajara mirim,-10.7828,-65.3394,25.0,86,45,0.75,BR,1715303012
147,tefe,-3.3542,-64.7114,27.7,78,100,0.98,BR,1715303013
148,colonia,50.9333,6.95,11.77,86,0,2.06,DE,1715303013
149,wailua homesteads,22.0669,-159.378,26.24,75,20,3.6,US,1715303013
150,namibe,-15.1961,12.1522,22.6,71,4,4.17,AO,1715303013
151,haveli lakha,30.4502,73.6989,31.14,34,3,5.13,PK,1715303013
152,jiazi,22.8779,116.067,23.6,71,35,6.97,CN,1715303014
153,margaret river,-33.95,115.0667,19.52,84,93,8.13,AU,1715303014
154,salinas,36.6777,-121.6555,25.31,56,0,7.2,US,1715302959
155,mitu,1.1983,-70.1733,23.7,98,100,1.03,CO,1715303014
156,chernyshevsk,52.5243,117.0174,13.46,47,86,3.64,RU,1715303014
157,freeport,40.6576,-73.5832,18.2,70,100,3.09,US,1715303015
158,saipan,15.1355,145.701,33.39,62,40,7.2,MP,1715303015
159,dolgorukovo,52.3195,38.3453,-0.18,67,1,3.32,RU,1715303015
160,porto empedocle,37.2934,13.5264,14.54,83,15,2.92,IT,1715303015
161,naze,28.3667,129.4833,21.51,55,100,4.47,JP,1715303015
162,sirte,31.2089,16.5887,17.87,61,0,7.99,LY,1715303015
163,barakani,-12.1356,44.4317,27.03,72,0,6.07,KM,1715303016
164,gadzhiyevo,69.2551,33.3362,-1.44,85,100,4.9,RU,1715303016
165,alcantara,-2.4089,-44.4147,27.11,91,100,2.07,BR,1715303016
166,igarka,67.4667,86.5833,-0.55,99,83,5.81,RU,1715303016
167,williams lake,52.1415,-122.1445,21.76,24,75,1.03,CA,1715303016
168,vilyuysk,63.7553,121.6247,-3.89,83,100,3.13,RU,1715303017
169,puerto ayora,-0.7393,-90.3518,23.08,99,42,4.07,EC,1715303017
170,minas de marcona,-15.2119,-75.1103,13.53,83,80,6.06,PE,1715303017
171,cabo san lucas,22.8909,-109.9124,29.23,57,0,4.02,MX,1715302799
172,palmas,-10.2128,-48.3603,26.93,74,0,2.06,BR,1715303017
173,tsiombe,-25.3,45.4833,19.78,80,0,2.08,MG,1715303017
174,ugoofaaru,5.6667,73.0,29.58,75,100,6.05,MV,1715303018
175,kill devil hills,36.0307,-75.676,25.01,65,0,3.6,US,1715303018
176,kyshtovka,56.555,76.6271,15.75,59,3,4.02,RU,1715303018
177,erenhot,43.6475,111.9767,12.84,59,100,11.4,CN,1715303018
178,la mohammedia,36.6745,10.1563,15.61,92,7,2.89,TN,1715303018
179,chengam,12.3,78.8,26.9,82,100,1.76,IN,1715303019
180,eyl,7.9803,49.8164,28.29,82,69,2.07,SO,1715303019
181,flying fish cove,-10.4217,105.6791,26.82,83,75,6.17,CX,1715303019
182,sitka,57.0531,-135.33,10.94,82,100,10.8,US,1715302979
183,graham,47.0529,-122.2943,25.31,45,0,6.17,US,1715303019
184,vorgashor,67.5833,63.95,-2.33,74,100,8.75,RU,1715303019
185,viedma,-40.8135,-62.9967,9.29,40,23,4.28,AR,1715302824
186,hampton bays,40.869,-72.5176,15.21,78,75,5.81,US,1715303020
187,bubaque,11.2833,-15.8333,26.59,78,100,1.01,GW,1715303020
188,kone,-21.0595,164.8658,27.0,43,12,4.55,NC,1715303020
189,hithadhoo,-0.6,73.0833,29.06,76,11,4.27,MV,1715303020
190,freetown,8.484,-13.2299,23.84,94,75,2.57,SL,1715302814
191,horta,38.5333,-28.6333,17.23,91,42,3.58,PT,1715303021
192,stephenville,32.2207,-98.2023,20.1,82,40,4.12,US,1715303021
193,vidyayevo,69.3191,32.8049,-2.86,88,100,3.27,RU,1715303021
194,parbhani,19.2667,76.7833,31.23,43,97,1.13,IN,1715303021
195,keflavik,64.0049,-22.5624,6.24,75,0,3.6,IS,1715302882
196,genoa,44.4129,8.9573,17.4,72,0,0.89,IT,1715302835
197,yuzhno-kurilsk,44.0306,145.8556,6.88,78,99,2.56,RU,1715303022
198,bir el ater,34.7449,8.0602,11.18,71,0,5.41,DZ,1715303022
199,poinciana,28.1403,-81.4584,31.23,66,0,3.09,US,1715303022
200,taroa,8.7058,171.2275,27.74,84,99,7.92,MH,1715303022
201,caburan,5.9181,125.6411,28.01,72,50,4.47,PH,1715303022
202,magadan,59.5667,150.8,3.63,82,42,1.46,RU,1715303022
203,ketchikan,55.3422,-131.6461,11.86,87,75,3.6,US,1715303023
204,golere,16.2557,-14.1017,34.8,14,11,3.48,SN,1715303023
205,lewistown,40.5992,-77.5714,13.44,100,100,3.09,US,1715303023
206,gmunden,47.9189,13.7975,7.93,87,0,1.46,AT,1715303023
207,la passe,45.5549,-0.8967,14.13,91,0,4.76,FR,1715303024
208,zelenoborskiy,66.845,32.3622,-4.06,87,8,2.32,RU,1715303024
209,port augusta,-32.5,137.7667,19.69,37,0,4.25,AU,1715303024
210,bat khela,34.6167,71.9714,24.89,46,100,2.92,PK,1715303024
211,rongelap,11.1635,166.8941,27.23,82,40,7.99,MH,1715303024
212,kamyaran,34.7956,46.9355,9.86,65,0,0.89,IR,1715303025
213,severo-yeniseyskiy,60.3725,93.0408,2.54,89,100,1.79,RU,1715303025
214,telsiai,55.9814,22.2472,7.41,93,100,4.67,LT,1715303025
215,alexandria,31.2156,29.9553,19.3,53,100,5.74,EG,1715302804
216,motueka,-41.1333,173.0167,11.17,43,0,1.57,NZ,1715303025
217,crane,31.3974,-102.3501,30.81,14,3,3.49,US,1715303025
218,christchurch,-43.5333,172.6333,15.3,42,75,5.66,NZ,1715302682
219,tazovsky,67.4667,78.7,-2.55,89,97,7.54,RU,1715303026
220,socorro,31.6546,-106.3033,30.57,7,20,7.72,US,1715303026
221,san patricio,28.017,-97.5169,30.86,79,0,5.36,US,1715303026
222,klyuchi,52.2667,79.1667,18.41,45,100,4.98,RU,1715303026
223,olyokminsk,60.3736,120.4264,3.62,54,99,2.0,RU,1715303026
224,kailua-kona,19.6406,-155.9956,28.98,76,40,5.14,US,1715302881
225,lebu,-37.6167,-73.65,8.81,86,0,2.0,CL,1715303027
226,puerto santa,-8.9906,-78.6456,19.22,89,100,4.56,PE,1715303027
227,ust'-kulom,61.6864,53.6902,-2.54,91,100,3.42,RU,1715303027
228,vila franca do campo,37.7167,-25.4333,18.27,99,18,1.53,PT,1715303027
229,greystones,53.1408,-6.0631,13.62,82,100,0.83,IE,1715303028
230,udachny,66.4167,112.4,-9.2,94,100,5.22,RU,1715303028
231,williamson,30.6502,-97.6003,30.91,78,75,2.06,US,1715303028
232,masjed soleyman,31.9364,49.3039,23.17,32,0,1.0,IR,1715303028
233,cuatro cienegas de carranza,26.9833,-102.0833,34.76,8,3,1.85,MX,1715303028
234,tofol,5.3248,163.0078,29.88,74,75,5.14,FM,1715303028
235,zmiyevka,52.6697,36.3739,0.03,62,83,3.22,RU,1715303029
236,loango,-4.6719,11.8312,25.81,100,40,0.0,CG,1715303029
237,dengzhou,37.8086,120.7508,20.06,45,72,8.21,CN,1715303029
238,nadi,-17.8,177.4167,27.0,50,40,5.14,FJ,1715303030
239,bandarbeyla,9.4942,50.8122,28.31,79,98,2.93,SO,1715303030
240,barkly west,-28.5354,24.5215,19.6,34,21,5.74,ZA,1715303030
241,chonchi,-42.6128,-73.8092,6.18,95,16,1.2,CL,1715303030
242,monte patria,-30.6919,-70.9467,13.01,64,98,0.99,CL,1715303030
243,hirara,24.8,125.2833,24.92,60,75,2.57,JP,1715303030
244,pereval's'k,48.4378,38.8438,1.94,50,7,0.76,UA,1715303031
245,hasaki,35.7333,140.8333,20.16,35,0,4.25,JP,1715303031
246,lompoc,34.6391,-120.4579,23.08,65,0,4.63,US,1715302805
247,papao,-17.75,-149.55,29.82,69,5,4.36,PF,1715303031
248,aasiaat,68.7098,-52.8699,-11.14,91,80,1.69,GL,1715303031
249,boise,43.6135,-116.2035,23.05,40,7,2.91,US,1715302810
250,axim,4.8699,-2.2405,27.74,84,100,2.88,GH,1715303032
251,kurumkan,54.3,110.3,5.63,74,100,4.47,RU,1715303032
252,ntungamo,-0.8833,29.65,18.33,97,92,1.41,UG,1715303032
253,stanley,54.868,-1.6985,11.01,90,0,2.06,GB,1715303032
254,hammerfest,70.6634,23.6821,1.25,86,100,3.09,NO,1715303032
255,port alfred,-33.5906,26.891,17.43,90,42,0.68,ZA,1715303033
256,nouadhibou,20.931,-17.0347,18.99,88,20,7.2,MR,1715303033
257,brandon,27.9378,-82.2859,28.36,84,0,3.09,US,1715303033
258,nyandoma,61.669,40.1991,-3.94,92,100,5.98,RU,1715303033
259,decatur,39.8403,-88.9548,16.0,94,100,4.63,US,1715303033
260,kirakira,-10.4544,161.9205,29.65,70,92,4.33,SB,1715303033
261,estherville,43.4016,-94.8328,18.08,60,75,3.09,US,1715303034
262,trairi,-3.2778,-39.2689,26.01,88,99,2.6,BR,1715303034
263,prado,-17.3411,-39.2208,25.18,84,0,1.51,BR,1715303034
264,timbuktu,16.7735,-3.0074,32.62,8,0,3.79,ML,1715303034
265,coahuayana de hidalgo,18.7,-103.6583,24.65,72,3,1.83,MX,1715303034
266,fort bragg,35.139,-79.006,23.91,80,0,5.14,US,1715303035
267,al jawf,29.5,38.75,23.08,18,0,6.95,SA,1715303035
268,panchagarh,26.3313,88.562,25.49,56,99,4.17,BD,1715303035
269,yokadouma,3.5167,15.05,21.35,97,100,0.7,CM,1715303035
270,woolgoolga,-30.1106,153.2007,19.93,59,100,3.17,AU,1715303036
271,ust'-ilimsk,58.0006,102.6619,4.69,67,14,1.79,RU,1715303036
272,baker city,44.7749,-117.8344,21.84,35,100,3.6,US,1715302737
273,aras-asan,8.8908,126.3033,29.21,66,26,2.28,PH,1715303036
274,khilok,51.3674,110.4676,3.26,60,100,7.21,RU,1715303037
275,uacu cungo,-11.3634,15.1208,17.94,80,100,1.13,AO,1715303037
276,al khawr,25.7667,51.3167,25.11,45,3,6.39,QA,1715303037
277,buena vista,43.4203,-83.8986,12.1,66,100,4.63,US,1715303037
278,badger,64.8,-147.5333,12.95,41,75,5.14,US,1715303038
279,isangel,-19.55,169.2667,26.06,61,75,4.63,VU,1715303038
280,afaahiti,-17.75,-149.2833,28.93,74,1,4.29,PF,1715303038
281,acarau,-2.8856,-40.12,26.58,87,100,3.74,BR,1715303038
282,ponta delgada,37.7333,-25.6667,18.44,77,20,2.57,PT,1715303039
283,nemuro,43.3236,145.575,6.63,85,100,3.15,JP,1715303039
284,grand falls-windsor,48.9332,-55.6649,4.72,87,100,0.89,CA,1715303039
285,santa rosa de cabal,4.8681,-75.6214,17.79,94,75,1.03,CO,1715303039
286,qaqortoq,60.7167,-46.0333,1.52,74,100,1.06,GL,1715303039
287,tazacorte,28.629,-17.9293,20.08,79,0,6.17,ES,1715303039
288,djambala,-2.5447,14.7533,22.93,83,84,1.41,CG,1715303040
289,aripuana,-9.1667,-60.6333,23.95,72,100,0.97,BR,1715303040
290,salym,60.0625,71.4789,4.61,81,58,5.09,RU,1715303040
291,trosa,58.8962,17.5481,10.23,92,92,4.27,SE,1715303040
292,east london,-33.0153,27.9116,19.73,87,5,1.94,ZA,1715303040
293,mersa matruh,31.3525,27.2453,20.11,83,0,0.0,EG,1715303041
294,kourou,5.1552,-52.6478,25.03,94,100,3.61,GF,1715303041
295,zhanaozen,43.3,52.8,11.66,48,13,4.69,KZ,1715303041
296,lincoln city,44.9582,-124.0179,27.07,54,2,1.79,US,1715302866
297,kingston,17.997,-76.7936,29.53,74,40,6.17,JM,1715303008
298,international falls,48.6011,-93.411,16.1,27,0,1.54,US,1715303041
299,neyshabur,36.2133,58.7958,11.02,85,100,2.57,IR,1715303042
300,coquimbo,-29.9533,-71.3436,13.85,82,75,1.54,CL,1715303042
301,wotho,10.1657,166.0102,27.47,76,83,7.96,MH,1715303042
302,talpa de allende,20.3833,-104.8167,27.22,32,0,1.54,MX,1715303042
303,chibougamau,49.9168,-74.3659,9.79,46,0,1.54,CA,1715303042
304,mossel bay,-34.1831,22.146,10.96,83,0,1.5,ZA,1715303043
305,new norfolk,-42.7826,147.0587,13.84,83,98,1.08,AU,1715303043
306,port macquarie,-31.4333,152.9167,21.05,60,100,2.35,AU,1715303043
307,canutama,-6.5339,-64.3831,26.46,82,83,0.75,BR,1715303043
308,nambucca heads,-30.65,153.0,21.11,57,89,1.2,AU,1715303043
309,remire-montjoly,4.9167,-52.2667,25.02,100,100,1.03,GF,1715303044
310,bontang,0.1333,117.5,27.73,77,100,0.36,ID,1715303044
311,loch garman,52.3342,-6.4575,11.79,100,100,0.45,IE,1715303044
312,tokar,18.4254,37.729,27.23,71,40,3.96,SD,1715303044
313,i-n-salah,27.1935,2.4607,25.52,17,0,7.41,DZ,1715303045
314,kayangel,8.0823,134.7173,27.65,79,100,1.37,PW,1715303045
315,mugia,43.1041,-9.2179,13.84,75,75,2.93,ES,1715303045
316,tezu,27.9167,96.1667,24.19,52,100,1.34,IN,1715303045
317,siracusa,37.0881,15.2792,15.65,92,100,7.0,IT,1715303045
318,santiago de cao,-7.9589,-79.2392,18.07,88,20,5.66,PE,1715303046
319,thunder bay,48.4001,-89.3168,10.99,46,20,3.6,CA,1715303046
320,mansourah,31.0364,31.3807,19.0,62,25,3.67,EG,1715303046
321,gutao,37.2025,112.1781,23.49,49,60,3.42,CN,1715303046
322,kievka,50.2619,71.5514,13.88,81,70,3.5,KZ,1715303046
323,yakeshi,49.2833,120.7333,7.3,82,100,7.55,CN,1715303047
324,shindand,33.3029,62.1474,16.5,69,28,2.42,AF,1715303047
325,kolobrzeg,54.1757,15.5834,7.86,83,100,4.3,PL,1715303045
326,lida,53.8833,25.2997,6.41,94,93,3.22,BY,1715303047
327,mount gambier,-37.8333,140.7667,15.53,67,85,2.12,AU,1715303012
328,talcahuano,-36.7167,-73.1167,9.82,100,0,1.03,CL,1715303048
329,juli,-16.2167,-69.45,6.85,76,0,1.38,PE,1715303048
330,nadym,65.5333,72.5167,1.65,100,100,11.69,RU,1715303048
331,dingwall,57.5953,-4.4272,12.16,94,100,0.67,GB,1715303048
332,pangoa,-12.1167,-73.0,22.13,97,41,1.26,PE,1715303049
333,supaul,26.1167,86.6,27.02,53,44,4.4,IN,1715303049
334,aykhal,66.0,111.5,-7.78,86,100,6.6,RU,1715303049
335,shingu,33.7333,135.9833,17.99,39,0,2.04,JP,1715303049
336,nova vicosa,-17.8919,-39.3719,25.41,84,1,2.94,BR,1715303049
337,albacete,38.8333,-2.0,15.66,54,0,3.09,ES,1715303050
338,baie-comeau,49.2168,-68.1489,6.82,76,0,0.0,CA,1715303029
339,kharp,66.8014,65.8081,-3.49,94,100,9.97,RU,1715303050
340,mo i rana,66.3128,14.1428,2.96,92,63,4.63,NO,1715303050
341,antsohihy,-14.8796,47.9875,22.36,69,0,3.66,MG,1715303050
342,mao,39.8885,4.2658,12.31,100,0,1.03,ES,1715303051
343,tarawa,1.419,172.984,31.05,79,20,2.57,KI,1715303051
344,sabha,27.0377,14.4283,20.9,30,20,7.08,LY,1715303051
345,ola,59.5833,151.2833,3.97,80,43,1.92,RU,1715303051
346,amga,60.8953,131.9608,3.65,42,100,3.25,RU,1715303051
347,san andres,12.5847,-81.7006,30.01,79,20,3.6,CO,1715303043
348,sept-iles,50.2001,-66.3821,6.0,69,53,3.6,CA,1715303052
349,praia da vitoria,38.7333,-27.0667,17.14,82,20,1.77,PT,1715303052
350,lagos,6.5833,3.75,28.18,84,100,2.6,NG,1715302886
351,mahonda,-6.45,39.4667,26.64,82,19,8.14,TZ,1715303052
352,bamboo flat,11.7,92.7167,29.61,71,45,1.54,IN,1715303052
353,soalkuchi,26.1681,91.5711,23.99,94,75,1.54,IN,1715303053
354,shakhovskaya,56.0283,35.5097,-0.25,68,78,4.35,RU,1715303053
355,santa cruz del sur,20.7147,-77.9956,27.41,74,33,1.75,CU,1715303053
356,solleftea,63.1667,17.2667,3.92,67,67,5.54,SE,1715303053
357,kodiak,57.79,-152.4072,3.73,87,75,3.09,US,1715303053
358,teluk nibung,3.001,99.8164,26.09,91,100,2.39,ID,1715303054
359,el calafate,-50.3408,-72.2768,0.23,94,98,0.94,AR,1715303054
360,veraval,20.9,70.3667,27.48,81,0,4.0,IN,1715303054
361,alegrete,-29.7831,-55.7919,13.62,66,100,6.12,BR,1715303054
362,palmer,42.1584,-72.3287,16.78,57,75,4.12,US,1715303055
363,kapuskasing,49.4169,-82.4331,14.05,33,20,4.12,CA,1715303055
364,lakhipur,26.0299,90.3041,24.01,72,100,4.17,IN,1715303055
365,bath,51.3779,-2.3591,15.54,82,99,0.99,GB,1715303005
366,watsa,3.0372,29.5355,18.11,99,99,1.51,CD,1715303056
367,chardara,41.2547,67.9692,18.25,77,100,2.42,KZ,1715303056
368,dipayal,29.2608,80.94,22.76,83,88,0.53,NP,1715303056
369,al jahra',29.3375,47.6581,26.46,29,0,3.59,KW,1715303056
370,xunchang,28.4543,104.715,18.22,93,100,0.61,CN,1715303056
371,gandi,12.9636,5.7434,32.77,40,13,4.02,NG,1715303057
372,leninskoye,41.7589,69.3864,13.88,95,100,2.28,KZ,1715303057
373,challapata,-18.9,-66.7667,12.25,44,83,0.53,BO,1715303057
374,paso robles,35.6266,-120.691,21.12,54,0,3.13,US,1715302800
375,kenai,60.5544,-151.2583,4.52,80,75,4.12,US,1715303057
376,mount pearl,47.5166,-52.7813,4.36,87,75,4.12,CA,1715302808
377,smithers,54.7804,-127.1743,23.18,31,20,1.54,CA,1715303058
378,villa gesell,-37.2639,-56.973,7.81,61,100,4.48,AR,1715303058
379,codrington,-38.2667,141.9667,14.42,89,100,4.06,AU,1715303058
380,port-vila,-17.7338,168.3219,25.78,57,75,4.12,VU,1715303058
381,changyon,38.2508,125.0961,17.96,53,28,6.15,KP,1715303058
382,guerrero negro,27.9769,-114.0611,17.8,66,17,7.81,MX,1715303059
383,lazaro cardenas,17.9583,-102.2,25.17,74,100,3.06,MX,1715303059
384,phai sali,15.5976,100.6585,30.58,68,90,1.84,TH,1715303059
385,masterton,-40.9597,175.6575,11.17,52,48,4.2,NZ,1715303059
386,strelka,58.0728,93.0344,6.0,70,99,2.72,RU,1715303059
387,itati,-27.2704,-58.2446,16.12,71,100,2.44,AR,1715303060
388,robbah,33.2797,6.9098,18.8,40,0,6.57,DZ,1715303060
389,abepura,-2.6333,140.5833,24.45,94,75,3.6,ID,1715303060
390,qui nhon,13.7667,109.2333,28.43,71,100,1.89,VN,1715303060
391,wagar,16.1525,36.2032,28.46,46,4,4.17,SD,1715303060
392,fortuna,40.5982,-124.1573,24.4,47,0,5.66,US,1715302891
393,ulanhot,46.0833,122.0833,17.19,42,100,3.69,CN,1715303061
394,caleta de carquin,-11.0925,-77.6267,18.89,88,33,3.81,PE,1715303061
395,vinh yen,21.31,105.5967,24.97,85,100,3.48,VN,1715303061
396,alice springs,-23.7,133.8833,16.75,77,100,6.69,AU,1715303061
397,minot,48.2325,-101.2963,21.12,43,75,7.2,US,1715302953
398,tondano,1.3038,124.9112,28.05,65,78,0.79,ID,1715303061
399,ukhta,63.5671,53.6835,-4.69,94,46,3.13,RU,1715303062
400,basco,20.4487,121.9702,26.46,71,100,8.32,PH,1715303062
401,creel,27.75,-107.6333,17.72,15,100,6.5,MX,1715303062
402,hadibu,12.65,54.0333,28.2,74,44,0.63,YE,1715303062
403,marka,1.7159,44.7717,25.64,90,43,5.47,SO,1715303062
404,aja,30.9415,31.2915,19.14,57,18,3.75,EG,1715303063
405,bonthe,7.5264,-12.505,27.4,85,100,2.58,SL,1715303063
406,tralee,52.2704,-9.7026,9.48,90,100,2.4,IE,1715303063
407,kariba,-16.5167,28.8,16.99,69,0,1.53,ZW,1715303063
408,yulinshi,38.2906,109.7494,21.09,53,100,4.27,CN,1715303063
409,taulaga,-11.0553,-171.0883,29.28,73,100,3.97,AS,1715303063
410,pachino,36.7186,15.0907,16.26,76,100,6.52,IT,1715303064
411,lenoir city,35.7973,-84.256,23.13,88,0,1.93,US,1715303064
412,sibsagar,26.9833,94.6333,23.38,70,100,1.72,IN,1715303064
413,calvinia,-31.4707,19.776,11.16,64,0,2.12,ZA,1715303064
414,san-pedro,4.7485,-6.6363,27.49,86,98,2.34,CI,1715303064
415,bangassou,4.7413,22.8184,21.15,98,96,0.56,CF,1715303065
416,coronel suarez,-37.4547,-61.9334,6.55,67,40,3.12,AR,1715303065
417,zemio,5.0314,25.1361,22.33,92,79,1.23,CF,1715303065
418,st. john's,47.5649,-52.7093,4.82,88,75,4.12,CA,1715303015
419,tamanrasset,22.785,5.5228,20.95,8,0,2.06,DZ,1715303065
420,altai,46.3722,96.2583,7.59,31,8,2.51,MN,1715303065
421,pauini,-7.7136,-66.9764,27.46,74,99,0.35,BR,1715303066
422,la'ie,21.6477,-157.9253,25.98,75,50,4.02,US,1715303066
423,mazagao,-0.115,-51.2894,27.03,97,99,2.26,BR,1715303066
424,santa vitoria do palmar,-33.5189,-53.3681,9.68,83,0,0.76,BR,1715303066
425,cromer,52.9312,1.2989,11.75,86,100,1.84,GB,1715303066
426,steinkjer,64.193,11.3851,1.52,76,99,3.0,NO,1715303067
427,deyang,31.1302,104.382,21.49,70,100,2.27,CN,1715302825
428,queenstown,-31.8976,26.8753,17.74,42,39,3.0,ZA,1715302898
429,galle,6.0367,80.217,27.5,81,100,0.2,LK,1715303067
430,kapa'a,22.0752,-159.319,26.99,75,20,3.6,US,1715303067
431,mar del plata,-38.0023,-57.5575,11.04,65,0,2.24,AR,1715302824
432,tambopata,-12.7333,-69.1833,25.28,84,63,0.61,PE,1715303067
433,moapa valley,36.5805,-114.4703,26.02,12,1,2.86,US,1715303068
434,musoma,-1.5,33.8,20.7,85,100,2.74,TZ,1715303068
435,prince george,53.9166,-122.753,22.01,33,0,1.54,CA,1715302807
436,hotan,37.0997,79.9269,23.34,14,60,2.81,CN,1715303068
437,hobyo,5.3505,48.5268,29.01,76,79,3.78,SO,1715303068
438,ambodifotatra,-16.9833,49.85,25.89,74,31,7.78,MG,1715303069
439,robore,-18.3333,-59.75,19.07,90,37,1.42,BO,1715303069
440,grande prairie,55.1667,-118.8027,24.1,22,20,6.69,CA,1715302314
441,cabedelo,-6.9811,-34.8339,24.37,83,5,4.84,BR,1715303069
442,springs,-26.25,28.4,15.37,36,0,0.46,ZA,1715303069
443,touros,-5.1989,-35.4608,25.57,91,45,4.13,BR,1715303070
444,bandar-e lengeh,26.5579,54.8807,28.06,61,0,6.17,IR,1715303070
445,itamaraca,-7.7478,-34.8256,26.03,81,8,3.88,BR,1715303070
446,kalmunai,7.4167,81.8167,27.53,82,100,2.12,LK,1715303070
447,okha,53.5739,142.9478,3.47,93,100,2.68,RU,1715303070
448,sodra sandby,56.5667,16.6167,11.92,95,100,4.69,SE,1715303071
449,katsuren-haebaru,26.3369,127.8719,24.49,55,20,4.63,JP,1715303071
450,lesozavodsk,45.4794,133.4244,12.95,44,100,3.09,RU,1715303071
451,yorosso,12.3536,-4.7761,32.95,34,4,2.03,ML,1715303071
452,pinckneyville,38.0803,-89.382,21.95,69,0,4.95,US,1715303071
453,brooks,50.5834,-111.8851,21.79,28,17,3.6,CA,1715302208
454,palikir - national government center,6.9248,158.1611,29.47,74,100,4.63,FM,1715303072
455,puerto baquerizo moreno,-0.9,-89.6,22.99,86,52,5.04,EC,1715303072
456,torghay,49.6339,63.4981,7.26,59,88,3.87,KZ,1715303072
457,san luis de la loma,17.2706,-100.8939,25.91,71,100,3.33,MX,1715303072
458,lancaster,40.2504,-76.2499,15.57,87,100,0.89,US,1715302926
459,yamada,39.4667,141.95,16.99,44,8,3.72,JP,1715303073
460,tromso,69.6496,18.957,2.01,87,75,3.09,NO,1715303073
461,zheshart,62.0731,49.5733,-4.02,95,99,2.41,RU,1715303073
462,bodaybo,57.8506,114.1933,5.05,81,100,2.2,RU,1715303073
463,markovo,57.3206,107.0881,4.57,59,17,4.0,RU,1715303073
464,illapel,-31.6308,-71.1653,10.27,81,1,0.89,CL,1715303074
465,angaur state,6.906,134.13,27.71,82,100,3.84,PW,1715303074
466,ormara,25.2088,64.6357,26.7,87,0,1.06,PK,1715303074
467,opuwo,-18.0607,13.84,22.29,54,48,1.44,NA,1715303074
468,turkmenbasy,40.0222,52.9552,12.43,62,0,2.06,TM,1715303074
469,bikenibeu village,1.3673,173.1241,30.98,79,20,2.57,KI,1715303075
470,sortavala,61.7053,30.6918,1.68,59,74,1.79,RU,1715303075
471,klaksvik,62.2266,-6.589,7.51,98,100,10.16,FO,1715303075
472,sunne,59.8376,13.143,10.18,76,100,3.63,SE,1715303075
473,pathein,16.7833,94.7333,30.94,59,0,3.67,MM,1715303075
474,siocon,7.7061,122.1353,29.84,68,56,0.34,PH,1715303075
475,korenovsk,45.4686,39.4519,7.9,65,97,4.12,RU,1715303076
476,benghazi,32.1167,20.0667,17.73,71,0,7.98,LY,1715302824
477,coyhaique,-45.5752,-72.0662,2.97,87,20,4.12,CL,1715303076
478,ziro,27.6333,93.8333,8.41,79,100,0.77,IN,1715303076
479,pacific grove,36.6177,-121.9166,22.03,76,0,7.6,US,1715302850
480,la breita,-4.2608,-80.8875,25.73,65,100,1.37,PE,1715303076
481,fairfield glade,36.0004,-84.8863,19.73,84,0,2.06,US,1715303077
482,pisco,-13.7,-76.2167,20.57,77,0,1.54,PE,1715303062
483,sur,22.5667,59.5289,31.69,52,0,1.94,OM,1715303077
484,saint-denis,48.9167,2.3333,14.88,79,0,4.12,FR,1715303077
485,bardai,11.65,7.2333,28.83,48,100,3.96,NG,1715303077
486,puerto ayacucho,5.6639,-67.6236,25.28,93,100,0.6,VE,1715303077
487,eldorado,-23.7869,-54.2836,22.62,82,34,1.89,BR,1715303078
488,labytnangi,66.6572,66.4183,-3.12,95,100,11.98,RU,1715303078
489,portland,45.5234,-122.6762,28.02,33,20,7.2,US,1715302622
490,tual,-5.6667,132.75,28.09,79,14,5.77,ID,1715303078
491,grajewo,53.6473,22.4554,8.92,87,100,2.91,PL,1715303078
492,saint-pierre,-21.3393,55.4781,23.82,69,40,7.2,RE,1715303079
493,jaciara,-15.9653,-54.9683,22.95,51,0,1.14,BR,1715303079
494,al ghayzah,16.2079,52.176,29.36,77,37,3.57,YE,1715303079
495,morondava,-20.2833,44.2833,21.61,81,0,3.79,MG,1715303079
496,wonsan,39.1528,127.4436,19.49,49,11,3.88,KP,1715303079
497,san rafael,-34.6177,-68.3301,10.66,39,0,1.02,AR,1715303079
498,archidona,37.0965,-4.3887,13.0,69,78,3.04,ES,1715303080
499,peace river,56.2501,-117.286,24.17,23,75,8.75,CA,1715302780
500,monrovia,6.3005,-10.7969,25.87,85,100,2.48,LR,1715303080
501,port hedland,-20.3167,118.5667,28.03,23,42,8.75,AU,1715302925
502,margate,51.3813,1.3862,10.94,89,84,1.99,GB,1715303080
503,antalya,36.7741,30.7178,17.83,41,0,4.12,TR,1715302825
504,gniewkowo,52.8946,18.4079,9.93,68,100,2.21,PL,1715303081
505,moyynkum,44.2914,72.9469,16.47,66,61,3.35,KZ,1715303081
506,san blas,21.5167,-105.2667,33.94,54,0,2.49,MX,1715303081
507,yanchep,-31.55,115.6833,23.9,81,90,4.71,AU,1715303081
508,masvingo,-20.0637,30.8277,12.31,89,0,1.49,ZW,1715303081
509,marsh harbour,26.5412,-77.0636,24.72,75,19,5.1,BS,1715303082
510,waddan,29.1614,16.139,17.11,59,0,3.2,LY,1715303082
511,cambria,35.5641,-121.0808,22.36,85,32,1.34,US,1715303082
512,kuala terengganu,5.3302,103.1408,26.97,100,40,0.0,MY,1715303082
513,norderney,53.7,7.15,10.57,82,13,3.43,DE,1715303082
514,rio gallegos,-51.6226,-69.2181,0.03,93,0,1.03,AR,1715303082
515,calama,-22.4667,-68.9333,17.27,22,0,5.14,CL,1715302814
516,alaghsas,17.0187,8.0168,33.18,12,100,3.08,NE,1715303083
517,iranshahr,27.2025,60.6848,25.19,25,0,0.0,IR,1715303083
518,jieshou,33.2634,115.3611,25.07,41,0,6.14,CN,1715303083
519,nagqu,31.5,92.0,-0.14,49,100,1.54,CN,1715303083
520,buala,-8.145,159.5921,26.86,88,100,2.4,SB,1715303083
521,fort-shevchenko,44.5086,50.263,11.99,56,22,5.64,KZ,1715303084
522,wenatchee,47.4235,-120.3103,27.16,27,0,1.54,US,1715303084
523,choix,26.7092,-108.3219,34.03,10,5,4.27,MX,1715303084
524,kerikeri,-35.2268,173.9474,15.67,41,2,4.67,NZ,1715303084
525,bouna,9.2667,-3.0,27.25,61,100,1.97,CI,1715303085
526,kargasok,59.0556,80.8572,13.31,49,100,6.26,RU,1715303085
527,batticaloa,7.7102,81.6924,27.0,83,100,1.2,LK,1715302959
528,la ronge,55.1001,-105.2842,18.14,24,40,6.17,CA,1715303085
529,baglung,28.2719,83.5898,18.22,63,90,1.37,NP,1715303085
530,santa ana,33.7456,-117.8678,25.53,68,40,5.66,US,1715302972
531,mount isa,-20.7333,139.5,23.87,64,0,4.12,AU,1715302831
532,westport,41.1415,-73.3579,17.01,61,100,0.45,US,1715302924
533,zuunmod,47.7069,106.9528,0.57,53,100,10.96,MN,1715303086
534,khandyga,62.6667,135.6,2.7,75,100,1.38,RU,1715303086
535,swakopmund,-22.6833,14.5333,15.47,85,30,3.32,NA,1715303086
536,shetpe,44.1667,52.1167,10.11,59,10,2.6,KZ,1715303087
537,kalymnos,36.95,26.9833,19.74,72,40,2.06,GR,1715303087
538,kas,36.2018,29.6377,20.49,36,100,4.71,TR,1715303087
539,muisne,0.6,-80.0333,26.2,85,95,0.26,EC,1715303087
540,quepos,9.4236,-84.1652,27.54,83,100,0.93,CR,1715303087
541,las vegas,36.175,-115.1372,26.9,17,20,5.66,US,1715302795
542,feodosiya,45.0333,35.3833,11.32,77,89,4.99,UA,1715303088
543,sao joao da barra,-21.6403,-41.0511,25.05,88,69,4.82,BR,1715303088
544,miyako,39.6367,141.9525,17.47,44,7,2.56,JP,1715303088
545,fountain hills,33.6117,-111.7174,30.16,10,0,4.12,US,1715302828
546,walvis bay,-22.9575,14.5053,15.53,82,14,1.03,NA,1715303088
547,aioun,16.6614,-9.6149,33.67,4,6,5.49,MR,1715303089
548,belel,7.05,14.4333,20.65,64,96,1.68,CM,1715303089
549,santiago del estero,-27.7951,-64.2615,13.45,38,100,3.16,AR,1715303089
550,cherepovets,59.1333,37.9,-1.79,77,86,6.08,RU,1715303089
551,kalemie,-5.9475,29.1947,22.35,82,33,1.38,CD,1715303089
552,ad dilam,23.9915,47.1627,22.23,24,10,2.59,SA,1715303090
553,bengkulu,-3.8004,102.2655,26.98,79,13,1.37,ID,1715303090
554,ouadda,8.0777,22.4007,21.07,51,49,1.96,CF,1715303090
555,timimoun,29.2639,0.231,24.21,20,0,8.75,DZ,1715303090
556,luis correia,-2.8792,-41.6669,29.0,79,20,2.57,BR,1715303090
557,zanjan,36.6736,48.4787,9.16,69,99,1.43,IR,1715303091
558,rybnaya sloboda,55.4613,50.1409,-0.07,71,36,7.91,RU,1715303091
559,tripoli,32.8752,13.1875,17.63,76,12,6.41,LY,1715303091
560,doka,13.5167,35.7667,29.77,14,99,3.82,SD,1715303091
561,sandnessjoen,66.0217,12.6316,2.29,67,100,8.52,NO,1715303091
562,antsiranana,-12.2787,49.2917,24.36,72,100,6.9,MG,1715303092
563,schofield barracks,21.4936,-158.0615,24.18,87,100,4.63,US,1715303092
564,paradip garh,20.3167,86.6167,28.89,79,19,4.5,IN,1715303092
565,joao pessoa,-7.115,-34.8631,24.13,100,20,0.0,BR,1715303092
